{
    "system": {
        "dataset": "REMOTE",
        "batch_size": 256,
        "sampling_function": "kp_track",

        "train_split": "trainval",
        "val_split": "testdev",

        "learning_rate": 0.0025,
        "decay_rate": 0.9,

        "val_iter": 500,

        "opt_algo": "adam",
        "prefetch_size": 2,

        "max_iter": 6000,
        "stepsize": 500,
        "snapshot": 1000,

        "chunk_sizes": [256],

        "data_dir": "G:\\data\\u/remote_track",
        "tensor_dir": "/media/zeng/dataset/yolov3/wpafb_move/train/tensor/",
        "list_dir": "src"

    },
    
    "db": {
        "rand_scale_min": 0.6,
        "rand_scale_max": 1.4,
        "rand_scale_step": 0.1,
        "rand_scales": null,

        "rand_crop": true,
        "rand_color": true,

        "border": 128,
        "gaussian_bump": true,

        "input_size": [511, 511],
        "output_sizes": [[128, 128]],

        "test_scales": [1],

        "top_k": 70,
        "categories": 1,
        "kp_categories": 1,
        "ae_threshold": 0.5,
        "nms_threshold": 0.5,

        "max_per_image": 100,

        "lstm_step": 5,
        "train_mode": "lstm"
    }
}
